epoch,step,train_loss
0,49,0.6583716869354248
0,99,0.4818870723247528
0,149,0.7180003523826599
0,199,0.5565603971481323
0,249,0.8048344254493713
0,299,0.6156925559043884
0,349,0.4864644408226013
0,399,0.31673672795295715
0,449,0.2881408631801605
0,499,0.6826063394546509
0,549,0.6331619620323181
0,599,0.3364354074001312
0,649,0.421272337436676
0,699,0.217946857213974
0,749,0.3413333296775818
0,799,0.2600991427898407
0,849,0.406372606754303
0,899,0.5233873128890991
0,949,0.5373785495758057
0,999,0.13846096396446228
0,1049,0.4467673897743225
0,1099,0.4162290692329407
0,1149,0.6248148679733276
0,1199,0.24693290889263153
0,1249,0.2731132209300995
0,1299,0.3428135812282562
0,1349,0.4949815273284912
0,1399,0.3080078959465027
0,1449,0.1464916616678238
0,1499,0.20477063953876495
0,1549,0.3458997905254364
0,1599,0.41211193799972534
0,1649,0.26995187997817993
0,1699,0.31150999665260315
0,1749,0.4269394874572754
0,1799,0.14833074808120728
0,1849,0.2653366029262543
0,1899,0.43601757287979126
0,1949,0.1713341474533081
0,1999,0.2832423448562622
0,2049,0.15268675982952118
0,2099,0.33205726742744446
0,2149,0.22890235483646393
1,2199,0.08027773350477219
1,2249,0.1551785171031952
1,2299,0.22965306043624878
1,2349,0.44262176752090454
1,2399,0.2970219552516937
1,2449,0.07234244793653488
1,2499,0.25666218996047974
1,2549,0.30178356170654297
1,2599,0.25402626395225525
1,2649,0.1922285556793213
1,2699,0.14347393810749054
1,2749,0.0759844109416008
1,2799,0.2056247442960739
1,2849,0.28678399324417114
1,2899,0.2179195135831833
1,2949,0.24881410598754883
1,2999,0.17244383692741394
1,3049,0.6615480184555054
1,3099,0.1853950470685959
1,3149,0.18126823008060455
1,3199,0.16564908623695374
1,3249,0.20453590154647827
1,3299,0.5933875441551208
1,3349,0.3413403332233429
1,3399,0.2119103968143463
1,3449,0.15075135231018066
1,3499,0.08509872108697891
1,3549,0.2944110631942749
1,3599,0.3916645050048828
1,3649,0.1402335911989212
1,3699,0.3389754593372345
1,3749,0.1838880181312561
1,3799,0.1302386224269867
1,3849,0.14384527504444122
1,3899,0.10983909666538239
1,3949,0.06549915671348572
1,3999,0.36778590083122253
1,4049,0.09289319068193436
1,4099,0.04811711981892586
1,4149,0.26934248208999634
1,4199,0.059133291244506836
1,4249,0.16445517539978027
1,4299,0.12433226406574249
2,4349,0.05290519818663597
2,4399,0.18068857491016388
2,4449,0.4523564577102661
2,4499,0.12944522500038147
2,4549,0.2750316858291626
2,4599,0.18977907299995422
2,4649,0.13283203542232513
2,4699,0.32330387830734253
2,4749,0.3705480098724365
2,4799,0.07160373777151108
2,4849,0.03191053494811058
2,4899,0.08120366930961609
2,4949,0.13219453394412994
2,4999,0.22104670107364655
2,5049,0.266250878572464
2,5099,0.2539747953414917
2,5149,0.3004853427410126
2,5199,0.19863317906856537
2,5249,0.12794561684131622
2,5299,0.11691732704639435
2,5349,0.2077721357345581
2,5399,0.049949049949645996
2,5449,0.3295467495918274
2,5499,0.15293443202972412
2,5549,0.05376530438661575
2,5599,0.34927165508270264
2,5649,0.1406395435333252
2,5699,0.17161411046981812
2,5749,0.01689562387764454
2,5799,0.06944482028484344
2,5849,0.06052553653717041
2,5899,0.17619922757148743
2,5949,0.19702240824699402
2,5999,0.08718623965978622
2,6049,0.18664634227752686
2,6099,0.04655057564377785
2,6149,0.07567135989665985
2,6199,0.07160443812608719
2,6249,0.013473156839609146
2,6299,0.17492830753326416
2,6349,0.06321578472852707
2,6399,0.41250529885292053
2,6449,0.042262326925992966
3,6499,0.21923962235450745
3,6549,0.09973328560590744
3,6599,0.5486313104629517
3,6649,0.12301021814346313
3,6699,0.17937515676021576
3,6749,0.1745147556066513
3,6799,0.3024318218231201
3,6849,0.2512694299221039
3,6899,0.22423183917999268
3,6949,0.08123219758272171
3,6999,0.1591174453496933
3,7049,0.026453793048858643
3,7099,0.4608100652694702
3,7149,0.06438109278678894
3,7199,0.3524700403213501
3,7249,0.32417556643486023
3,7299,0.10893598198890686
3,7349,0.14945901930332184
3,7399,0.025301827117800713
3,7449,0.022133296355605125
3,7499,0.05374624952673912
3,7549,0.3527224361896515
3,7599,0.16334375739097595
3,7649,0.4803169369697571
3,7699,0.39742395281791687
3,7749,0.1038479208946228
3,7799,0.7450492978096008
3,7849,0.10246039181947708
3,7899,0.01081915944814682
3,7949,0.12265671044588089
3,7999,0.06330010294914246
3,8049,0.12597151100635529
3,8099,0.12074408680200577
3,8149,0.22810114920139313
3,8199,0.3089059591293335
3,8249,0.2271154671907425
3,8299,0.11360068619251251
3,8349,0.038578182458877563
3,8399,0.14694830775260925
3,8449,0.15649330615997314
3,8499,0.28414303064346313
3,8549,0.032336968928575516
3,8599,0.20731516182422638
4,8649,0.08574330061674118
4,8699,0.01516843680292368
4,8749,0.014707897789776325
4,8799,0.3910185694694519
4,8849,0.09070030599832535
4,8899,0.25368261337280273
4,8949,0.0842767283320427
4,8999,0.11713452637195587
4,9049,0.01717713102698326
4,9099,0.1016598492860794
4,9149,0.2866654396057129
4,9199,0.2704659700393677
4,9249,0.10700871050357819
4,9299,0.05526300519704819
4,9349,0.2148779183626175
4,9399,0.20612762868404388
4,9449,0.059572670608758926
4,9499,0.09948834776878357
4,9549,0.04649228975176811
4,9599,0.05811048671603203
4,9649,0.04479614645242691
4,9699,0.2364811897277832
4,9749,0.0493297278881073
4,9799,0.15196318924427032
4,9849,0.12506084144115448
4,9899,0.13954021036624908
4,9949,0.023187650367617607
4,9999,0.04043608531355858
4,10049,0.1800490915775299
4,10099,0.10304160416126251
4,10149,0.8085885643959045
4,10199,0.23044560849666595
4,10249,0.23666906356811523
4,10299,0.16561682522296906
4,10349,0.05106677487492561
4,10399,0.21213661134243011
4,10449,0.20833970606327057
4,10499,0.12400113791227341
4,10549,0.08028780668973923
4,10599,0.05034036189317703
4,10649,0.10559508949518204
4,10699,0.23757538199424744
4,10749,0.017378171905875206
4,10799,0.007134045008569956
5,10849,0.07216361165046692
5,10899,0.017524758353829384
5,10949,0.04346747323870659
5,10999,0.22371412813663483
5,11049,0.17999069392681122
5,11099,0.07428745925426483
5,11149,0.3847588002681732
5,11199,0.24506613612174988
5,11249,0.22021286189556122
5,11299,0.19519241154193878
5,11349,0.07122567296028137
5,11399,0.28458383679389954
5,11449,0.018269827589392662
5,11499,0.014648191630840302
5,11549,0.008764000609517097
5,11599,0.014718455262482166
5,11649,0.11451729387044907
5,11699,0.18301740288734436
5,11749,0.0940275713801384
5,11799,0.37116512656211853
5,11849,0.3545357286930084
5,11899,0.034040119498968124
5,11949,0.0890936404466629
5,11999,0.26047149300575256
5,12049,0.23144707083702087
5,12099,0.18357497453689575
5,12149,0.05025900900363922
5,12199,0.09762708842754364
5,12249,0.18139314651489258
5,12299,0.2950669229030609
5,12349,0.06709921360015869
5,12399,0.06844643503427505
5,12449,0.046210989356040955
5,12499,0.02931484952569008
5,12549,0.11513061076402664
5,12599,0.12162510305643082
5,12649,0.047747284173965454
5,12699,0.025500288233160973
5,12749,0.17271806299686432
5,12799,0.17066453397274017
5,12849,0.4323119521141052
5,12899,0.062273040413856506
5,12949,0.02317579835653305
6,12999,0.20237401127815247
6,13049,0.10354956239461899
6,13099,0.01669861376285553
6,13149,0.07381311804056168
6,13199,0.1076694205403328
6,13249,0.07963977009057999
6,13299,0.010000091046094894
6,13349,0.006314863916486502
6,13399,0.039726756513118744
6,13449,0.0955066904425621
6,13499,0.008636968210339546
6,13549,0.21591776609420776
6,13599,0.012598702684044838
6,13649,0.024700086563825607
6,13699,0.24236710369586945
6,13749,0.03401840850710869
6,13799,0.3056463897228241
6,13849,0.048271480947732925
6,13899,0.07893824577331543
6,13949,0.12960512936115265
6,13999,0.025927145034074783
6,14049,0.08676071465015411
6,14099,0.12204039096832275
6,14149,0.09624923765659332
6,14199,0.5102760791778564
6,14249,0.12442225217819214
6,14299,0.058998968452215195
6,14349,0.2844056785106659
6,14399,0.10684914886951447
6,14449,0.00546611100435257
6,14499,0.10104593634605408
6,14549,0.10477523505687714
6,14599,0.04005492478609085
6,14649,0.1671837568283081
6,14699,0.09811533987522125
6,14749,0.3979601562023163
6,14799,0.3370216488838196
6,14849,0.04904210567474365
6,14899,0.06565964221954346
6,14949,0.06888844817876816
6,14999,0.6930697560310364
6,15049,0.08177240192890167
6,15099,0.07739036530256271
7,15149,0.019716469570994377
7,15199,0.033797770738601685
7,15249,0.28032445907592773
7,15299,0.09367012977600098
7,15349,0.08043798059225082
7,15399,0.1661503165960312
7,15449,0.03995155170559883
7,15499,0.04278121143579483
7,15549,0.1207679957151413
7,15599,0.026403913274407387
7,15649,0.43021315336227417
7,15699,0.1801508367061615
7,15749,0.09365452080965042
7,15799,0.0359857901930809
7,15849,0.11850032210350037
7,15899,0.08297012746334076
7,15949,0.033342938870191574
7,15999,0.10831554234027863
7,16049,0.013662141747772694
7,16099,0.2005707323551178
7,16149,0.0541631281375885
7,16199,0.01955176144838333
7,16249,0.0721789225935936
7,16299,0.04819319024682045
7,16349,0.02305106446146965
7,16399,0.05424383655190468
7,16449,0.279401570558548
7,16499,0.12416144460439682
7,16549,0.23757225275039673
7,16599,0.29008135199546814
7,16649,0.24076472222805023
7,16699,0.10496974736452103
7,16749,0.19362862408161163
7,16799,0.17015624046325684
7,16849,0.018859682604670525
7,16899,0.014502758160233498
7,16949,0.052439022809267044
7,16999,0.3107481300830841
7,17049,0.24616745114326477
7,17099,0.02483532205224037
7,17149,0.017033584415912628
7,17199,0.37744927406311035
7,17249,0.020742610096931458
8,17299,0.2524327337741852
8,17349,0.21799081563949585
8,17399,0.1655513495206833
8,17449,0.2665822505950928
8,17499,0.13000833988189697
8,17549,0.04516211524605751
8,17599,0.06616206467151642
8,17649,0.045760929584503174
8,17699,0.01257210224866867
8,17749,0.16786126792430878
8,17799,0.011691706255078316
8,17849,0.01756337098777294
8,17899,0.05740915238857269
8,17949,0.19950689375400543
8,17999,0.018031766638159752
8,18049,0.4080876410007477
8,18099,0.0034558051265776157
8,18149,0.1798454374074936
8,18199,0.39828723669052124
8,18249,0.007562261074781418
8,18299,0.048200756311416626
8,18349,0.01981300115585327
8,18399,0.12781238555908203
8,18449,0.06986534595489502
8,18499,0.02351202443242073
8,18549,0.15039363503456116
8,18599,0.015730321407318115
8,18649,0.008242856711149216
8,18699,0.00903862901031971
8,18749,0.028622688725590706
8,18799,0.05005570873618126
8,18849,0.1935146152973175
8,18899,0.031084399670362473
8,18949,0.05274127796292305
8,18999,0.016969088464975357
8,19049,0.1243499293923378
8,19099,0.03722764179110527
8,19149,0.03280174359679222
8,19199,0.06358715891838074
8,19249,0.052369389683008194
8,19299,0.006752341985702515
8,19349,0.013268747366964817
8,19399,0.012114372104406357
9,19449,0.10143845528364182
9,19499,0.24976776540279388
9,19549,0.258841335773468
9,19599,0.018269341439008713
9,19649,0.06203707680106163
9,19699,0.1153908222913742
9,19749,0.13170555233955383
9,19799,0.00351893063634634
9,19849,0.05208596959710121
9,19899,0.050127141177654266
9,19949,0.0640922486782074
9,19999,0.18989986181259155
9,20049,0.28123435378074646
9,20099,0.02976209484040737
9,20149,0.24672535061836243
9,20199,0.07140032202005386
9,20249,0.11598112434148788
9,20299,0.01656181365251541
9,20349,0.36319270730018616
9,20399,0.015729883685708046
9,20449,0.065595842897892
9,20499,0.02875775657594204
9,20549,0.46256548166275024
9,20599,0.04179302603006363
9,20649,0.017553891986608505
9,20699,0.25292500853538513
9,20749,0.09214425086975098
9,20799,0.20568038523197174
9,20849,0.01274318527430296
9,20899,0.049861516803503036
9,20949,0.0958675891160965
9,20999,0.00975761003792286
9,21049,0.06627832353115082
9,21099,0.09071779996156693
9,21149,0.0180674996227026
9,21199,0.11708114296197891
9,21249,0.021721795201301575
9,21299,0.022300515323877335
9,21349,0.025820251554250717
9,21399,0.006360050290822983
9,21449,0.05405757203698158
9,21499,0.11392278969287872
9,21549,0.3220093250274658
9,21599,0.0017942229751497507
10,21649,0.11863409727811813
10,21699,0.054570019245147705
10,21749,0.043492767959833145
10,21799,0.02930574119091034
10,21849,0.013007044792175293
10,21899,0.008971055969595909
10,21949,0.1501540243625641
10,21999,0.008646960370242596
10,22049,0.23147031664848328
10,22099,0.021336261183023453
10,22149,0.029376132413744926
10,22199,0.10044021904468536
10,22249,0.14979863166809082
10,22299,0.023259799927473068
10,22349,0.14995814859867096
10,22399,0.1267230212688446
10,22449,0.0361778624355793
10,22499,0.028360707685351372
10,22549,0.0387503057718277
10,22599,0.04494983330368996
10,22649,0.004676146898418665
10,22699,0.16870209574699402
10,22749,0.20158201456069946
10,22799,0.038246434181928635
10,22849,0.05406973883509636
10,22899,0.12958616018295288
10,22949,0.14520566165447235
10,22999,0.03617416322231293
10,23049,0.02892465703189373
10,23099,0.2846411168575287
10,23149,0.03567073866724968
10,23199,0.010676903650164604
10,23249,0.08981577306985855
10,23299,0.29327186942100525
10,23349,0.11186879128217697
10,23399,0.022980690002441406
10,23449,0.03824203833937645
10,23499,0.0574139840900898
10,23549,0.16050852835178375
10,23599,0.07965197414159775
10,23649,0.0024225879460573196
10,23699,0.014210398308932781
10,23749,0.07042519748210907
11,23799,0.019077008590102196
11,23849,0.01877843774855137
11,23899,0.030427390709519386
11,23949,0.016541801393032074
11,23999,0.008627887815237045
11,24049,0.15245690941810608
11,24099,0.040448881685733795
11,24149,0.13718488812446594
11,24199,0.00363356014713645
11,24249,0.006390506401658058
11,24299,0.013113404624164104
11,24349,0.11446439474821091
11,24399,0.19734826683998108
11,24449,0.2541698217391968
11,24499,0.012571856379508972
11,24549,0.0330219641327858
11,24599,0.025800300762057304
11,24649,0.04949938878417015
11,24699,0.015522878617048264
11,24749,0.22178687155246735
11,24799,0.02257552184164524
11,24849,0.01449262909591198
11,24899,0.05513200908899307
11,24949,0.3404642939567566
11,24999,0.03390537574887276
11,25049,0.026718059554696083
11,25099,0.0023441382218152285
11,25149,0.4419475495815277
11,25199,0.04705044999718666
11,25249,0.036837395280599594
11,25299,0.03662588447332382
11,25349,0.026617828756570816
11,25399,0.020635224878787994
11,25449,0.01401809137314558
11,25499,0.05393433943390846
11,25549,0.06772549450397491
11,25599,0.026246219873428345
11,25649,0.07972530275583267
11,25699,0.3573364019393921
11,25749,0.002459995448589325
11,25799,0.38438835740089417
11,25849,0.2417241334915161
11,25899,0.06868507713079453
12,25949,0.20163077116012573
12,25999,0.026264837011694908
12,26049,0.09502830356359482
12,26099,0.036715712398290634
12,26149,0.13532309234142303
12,26199,0.04107120260596275
12,26249,0.3090551495552063
12,26299,0.14453618228435516
12,26349,0.0065575228072702885
12,26399,0.015657756477594376
12,26449,0.011518904007971287
12,26499,0.23615776002407074
12,26549,0.0673016607761383
12,26599,0.004496898036450148
12,26649,0.01943298801779747
12,26699,0.02962431125342846
12,26749,0.02253834716975689
12,26799,0.09913048893213272
12,26849,0.024456186220049858
12,26899,0.018675560131669044
12,26949,0.016236715018749237
12,26999,0.015452262945473194
12,27049,0.010156897827982903
12,27099,0.324537068605423
12,27149,0.053980354219675064
12,27199,0.012271290645003319
12,27249,0.026890026405453682
12,27299,0.09248999506235123
12,27349,0.09255906939506531
12,27399,0.01130106020718813
12,27449,0.21568545699119568
12,27499,0.016866229474544525
12,27549,0.025059068575501442
12,27599,0.08320300281047821
12,27649,0.059010058641433716
12,27699,0.01863980107009411
12,27749,0.011250204406678677
12,27799,0.1989835947751999
12,27849,0.040964119136333466
12,27899,0.036419112235307693
12,27949,0.01899997517466545
12,27999,0.12576813995838165
12,28049,0.04425637051463127
13,28099,0.1348004937171936
13,28149,0.141378715634346
13,28199,0.012052386999130249
13,28249,0.09831643104553223
13,28299,0.009372405707836151
13,28349,0.014662905596196651
13,28399,0.4169479310512543
13,28449,0.09450142830610275
13,28499,0.08741941303014755
13,28549,0.06769250333309174
13,28599,0.07623143494129181
13,28649,0.046265751123428345
13,28699,0.19484247267246246
13,28749,0.04824184626340866
13,28799,0.169663667678833
13,28849,0.25891247391700745
13,28899,0.08360990136861801
13,28949,0.012986591085791588
13,28999,0.042125243693590164
13,29049,0.03794541954994202
13,29099,0.006078136153519154
13,29149,0.03250361233949661
13,29199,0.057121921330690384
13,29249,0.06374519318342209
13,29299,0.04460734874010086
13,29349,0.013456502929329872
13,29399,0.3413427472114563
13,29449,0.5463500022888184
13,29499,0.005232467316091061
13,29549,0.012641329318284988
13,29599,0.06238636001944542
13,29649,0.23335401713848114
13,29699,0.15312525629997253
13,29749,0.2166658490896225
13,29799,0.2308759242296219
13,29849,0.24892163276672363
13,29899,0.09152325987815857
13,29949,0.029541941359639168
13,29999,0.024643905460834503
13,30049,0.018919413909316063
13,30099,0.1330731213092804
13,30149,0.11802632361650467
13,30199,0.46047303080558777
14,30249,0.2281780242919922
14,30299,0.025301678106188774
14,30349,0.015908898785710335
14,30399,0.10070627927780151
14,30449,0.18363997340202332
14,30499,0.011463063769042492
14,30549,0.10986167192459106
14,30599,0.007860347628593445
14,30649,0.07674901932477951
14,30699,0.25105994939804077
14,30749,0.025028046220541
14,30799,0.15232618153095245
14,30849,0.04262815788388252
14,30899,0.0630209743976593
14,30949,0.05931186303496361
14,30999,0.05323818325996399
14,31049,0.09826980531215668
14,31099,0.02253311313688755
14,31149,0.11300212144851685
14,31199,0.03861990198493004
14,31249,0.016990436241030693
14,31299,0.005059786140918732
14,31349,0.10400298982858658
14,31399,0.09272581338882446
14,31449,0.017485851421952248
14,31499,0.49839285016059875
14,31549,0.06110171973705292
14,31599,0.015653517097234726
14,31649,0.14775261282920837
14,31699,0.007664751727133989
14,31749,0.11644652485847473
14,31799,0.008773081004619598
14,31849,0.022360632196068764
14,31899,0.030758099630475044
14,31949,0.06729914247989655
14,31999,0.055957429111003876
14,32049,0.7718952298164368
14,32099,0.04446985945105553
14,32149,0.006325968541204929
14,32199,0.010671633295714855
14,32249,0.03959224373102188
14,32299,0.2799164652824402
14,32349,0.022297559306025505
14,32399,0.0004506620462052524
15,32449,0.07692569494247437
15,32499,0.017068034037947655
15,32549,0.3045257329940796
15,32599,0.057775355875492096
15,32649,0.04219202324748039
15,32699,0.32897692918777466
15,32749,0.28770312666893005
15,32799,0.048993080854415894
15,32849,0.023243756964802742
15,32899,0.0686604380607605
15,32949,0.00875029992312193
15,32999,0.01079039927572012
15,33049,0.6043152213096619
15,33099,0.12301408499479294
15,33149,0.04842766746878624
15,33199,0.052095528692007065
15,33249,0.08602354675531387
15,33299,0.059732332825660706
15,33349,0.014529300853610039
15,33399,0.00946657545864582
15,33449,0.13973353803157806
15,33499,0.03659925237298012
15,33549,0.04454284533858299
15,33599,0.25403526425361633
15,33649,0.47171667218208313
15,33699,0.037886857986450195
15,33749,0.18868809938430786
15,33799,0.018962353467941284
15,33849,0.02209000661969185
15,33899,0.013054484501481056
15,33949,0.036063387989997864
15,33999,0.005520746111869812
15,34049,0.028825176879763603
15,34099,0.0019344536121934652
15,34149,0.3115553855895996
15,34199,0.24952352046966553
15,34249,0.20755039155483246
15,34299,0.07651105523109436
15,34349,0.020249752327799797
15,34399,0.029616406187415123
15,34449,0.6938170790672302
15,34499,0.02179456502199173
15,34549,0.053265176713466644
16,34599,0.06328963488340378
16,34649,0.05299488827586174
16,34699,0.023003926500678062
16,34749,0.011146098375320435
16,34799,0.014687399379909039
16,34849,0.11951692402362823
16,34899,0.12360033392906189
16,34949,0.02871953882277012
16,34999,0.014018408954143524
16,35049,0.03834836930036545
16,35099,0.027422405779361725
16,35149,0.02899581380188465
16,35199,0.16303187608718872
16,35249,0.07003001123666763
16,35299,0.03646634891629219
16,35349,0.020777996629476547
16,35399,0.032929278910160065
16,35449,0.016446134075522423
16,35499,0.12904106080532074
16,35549,0.05397243797779083
16,35599,0.48254358768463135
16,35649,0.05000685155391693
16,35699,0.013116490095853806
16,35749,0.1673402190208435
16,35799,0.010995909571647644
16,35849,0.28166231513023376
16,35899,0.004840081091970205
16,35949,0.13136887550354004
16,35999,0.012413802556693554
16,36049,0.008439403958618641
16,36099,0.05427910014986992
16,36149,0.01983659900724888
16,36199,0.20564235746860504
16,36249,0.22045594453811646
16,36299,0.1571195125579834
16,36349,0.028954386711120605
16,36399,0.022158872336149216
16,36449,0.09341414272785187
16,36499,0.11151108145713806
16,36549,0.10136036574840546
16,36599,0.08170943707227707
16,36649,0.05493488907814026
16,36699,0.02765924297273159
17,36749,0.016131632030010223
17,36799,0.06945306807756424
17,36849,0.05655379965901375
17,36899,0.04651539400219917
17,36949,0.09425938129425049
17,36999,0.02654063142836094
17,37049,0.02142500877380371
17,37099,0.06972461938858032
17,37149,0.05448326840996742
17,37199,0.049804359674453735
17,37249,0.09153445065021515
17,37299,0.1185675710439682
17,37349,0.274819940328598
17,37399,0.016665101051330566
17,37449,0.006245886906981468
17,37499,0.003635925240814686
17,37549,0.0768890306353569
17,37599,0.004924417473375797
17,37649,0.01985074393451214
17,37699,0.007479425985366106
17,37749,0.07021862268447876
17,37799,0.00048654768033884466
17,37849,0.0015861744759604335
17,37899,0.07255581021308899
17,37949,0.027777019888162613
17,37999,0.03356168046593666
17,38049,0.011857046745717525
17,38099,0.24017730355262756
17,38149,0.34159213304519653
17,38199,0.011672540567815304
17,38249,0.3820648491382599
17,38299,0.0060463761910796165
17,38349,0.0800643190741539
17,38399,0.13872705399990082
17,38449,0.3141447901725769
17,38499,0.002237359993159771
17,38549,0.05581831932067871
17,38599,0.009001966565847397
17,38649,0.14645345509052277
17,38699,0.004950616043061018
17,38749,0.011649849824607372
17,38799,0.08595675230026245
17,38849,0.0035017170011997223
18,38899,0.01361790020018816
18,38949,0.03745843842625618
18,38999,0.37962907552719116
18,39049,0.015487867407500744
18,39099,0.20162028074264526
18,39149,0.036261264234781265
18,39199,0.041963353753089905
18,39249,0.012163628824055195
18,39299,0.16915328800678253
18,39349,0.06402840465307236
18,39399,0.00981931947171688
18,39449,0.048367079347372055
18,39499,0.017030339688062668
18,39549,0.03984116017818451
18,39599,0.07218881696462631
18,39649,0.15897968411445618
18,39699,0.02467615157365799
18,39749,0.006303715985268354
18,39799,0.005898786708712578
18,39849,0.014865236356854439
18,39899,0.10161277651786804
18,39949,0.10961112380027771
18,39999,0.08525732904672623
18,40049,0.014525542967021465
18,40099,0.0025374151300638914
18,40149,0.19539029896259308
18,40199,0.030247600749135017
18,40249,0.021903596818447113
18,40299,0.009108358062803745
18,40349,0.008918600156903267
18,40399,0.05669979378581047
18,40449,0.0324595607817173
18,40499,0.11665311455726624
18,40549,0.015401347540318966
18,40599,0.07530912756919861
18,40649,0.04071931913495064
18,40699,0.040383875370025635
18,40749,0.03340279310941696
18,40799,0.04976664483547211
18,40849,0.0036788159050047398
18,40899,0.01764264702796936
18,40949,0.015924157574772835
18,40999,0.04751729220151901
19,41049,0.10829132795333862
19,41099,0.029690291732549667
19,41149,0.03842386603355408
19,41199,0.023359496146440506
19,41249,0.018980417400598526
19,41299,0.047947026789188385
19,41349,0.028547311201691628
19,41399,0.06479351967573166
19,41449,0.2697240114212036
19,41499,0.05057857185602188
19,41549,0.2445923388004303
19,41599,0.08224769681692123
19,41649,0.17508557438850403
19,41699,0.023877516388893127
19,41749,0.04163209721446037
19,41799,0.13549555838108063
19,41849,0.006444188300520182
19,41899,0.005778483580797911
19,41949,0.35144293308258057
19,41999,0.03538050130009651
19,42049,0.6351891756057739
19,42099,0.014410878531634808
19,42149,0.07687444239854813
19,42199,0.0538872554898262
19,42249,0.009488590061664581
19,42299,0.09879245609045029
19,42349,0.029651248827576637
19,42399,0.16086947917938232
19,42449,0.11053604632616043
19,42499,0.02087029069662094
19,42549,0.021126771345734596
19,42599,0.05739825591444969
19,42649,0.04133335500955582
19,42699,0.008760042488574982
19,42749,0.0233319029211998
19,42799,0.012510241009294987
19,42849,0.0318770669400692
19,42899,0.009715366177260876
19,42949,0.015000575222074986
19,42999,0.44370967149734497
19,43049,0.02305029146373272
19,43099,0.3487519919872284
19,43149,0.007187430746853352
19,43199,0.023740172386169434
20,43249,0.31590133905410767
20,43299,0.07312089949846268
20,43349,0.00278917932882905
20,43399,0.4003918170928955
20,43449,0.1385447084903717
20,43499,0.03027448058128357
20,43549,0.00462829926982522
20,43599,0.03462789207696915
20,43649,0.007441946305334568
20,43699,0.023074602708220482
20,43749,0.05981869250535965
20,43799,0.08449259400367737
20,43849,0.007364198565483093
20,43899,0.007164469454437494
20,43949,0.09950972348451614
20,43999,0.0007421005284413695
20,44049,0.00470377504825592
20,44099,0.06796365231275558
20,44149,0.006851658225059509
20,44199,0.06889491528272629
20,44249,0.00881128292530775
20,44299,0.07696670293807983
20,44349,0.01460231002420187
20,44399,0.03131522983312607
20,44449,0.05322353169322014
20,44499,0.010512052103877068
20,44549,0.27578210830688477
20,44599,0.010831520892679691
20,44649,0.3245030343532562
20,44699,0.012055517174303532
20,44749,0.006118330173194408
20,44799,0.027796247974038124
20,44849,0.008854923769831657
20,44899,0.052459217607975006
20,44949,0.41662824153900146
20,44999,0.030728092417120934
20,45049,0.16824932396411896
20,45099,0.03734226152300835
20,45149,0.003147606970742345
20,45199,0.03921571373939514
20,45249,0.0027046692557632923
20,45299,0.056006863713264465
20,45349,0.04214482009410858
21,45399,0.02501584403216839
21,45449,0.015114939771592617
21,45499,0.02187838964164257
21,45549,0.006223148200660944
21,45599,0.04646555334329605
21,45649,0.025617122650146484
21,45699,0.08765099942684174
21,45749,0.008889913558959961
21,45799,0.011210528202354908
21,45849,0.02812187559902668
21,45899,0.00994053017348051
21,45949,0.03928656503558159
21,45999,0.10392444580793381
21,46049,0.049093980342149734
21,46099,0.0862179771065712
21,46149,0.006051157601177692
21,46199,0.13125665485858917
21,46249,0.010786879807710648
21,46299,0.052694037556648254
21,46349,0.0015848723705857992
21,46399,0.07807078212499619
21,46449,0.006903073750436306
21,46499,0.7698954343795776
21,46549,0.004365579225122929
21,46599,0.23401549458503723
21,46649,0.40371233224868774
21,46699,0.0849984884262085
21,46749,0.02467932552099228
21,46799,0.34113866090774536
21,46849,0.010000275447964668
21,46899,0.04305730387568474
21,46949,0.03680955991148949
21,46999,0.017817595973610878
21,47049,0.005454029887914658
21,47099,0.012753302231431007
21,47149,0.07777830213308334
21,47199,0.008587908931076527
21,47249,0.24424579739570618
21,47299,0.1992373764514923
21,47349,0.03112616389989853
21,47399,0.005764688830822706
21,47449,0.011190079152584076
21,47499,0.021601693704724312
22,47549,0.001008200808428228
22,47599,0.017410870641469955
22,47649,0.008430421352386475
22,47699,0.005822275299578905
22,47749,0.013460042886435986
22,47799,0.09659013897180557
22,47849,0.1750539094209671
22,47899,0.01701987162232399
22,47949,0.09228522330522537
22,47999,0.03629714250564575
22,48049,0.006814169231802225
22,48099,0.0072130076587200165
22,48149,0.013197202235460281
22,48199,0.366018682718277
22,48249,0.060716401785612106
22,48299,0.009409899823367596
22,48349,0.14360637962818146
22,48399,0.005448672454804182
22,48449,0.022416016086935997
22,48499,0.04513472318649292
22,48549,0.004436076153069735
22,48599,0.01893518678843975
22,48649,0.3222481608390808
22,48699,0.05582250654697418
22,48749,0.03296060860157013
22,48799,0.02696503885090351
22,48849,0.007644444238394499
22,48899,0.02864578552544117
22,48949,0.029907681047916412
22,48999,0.21954506635665894
22,49049,0.016257021576166153
22,49099,0.022521432489156723
22,49149,0.09312708675861359
22,49199,0.034381043165922165
22,49249,0.0772300437092781
22,49299,0.03562488034367561
22,49349,0.1321781426668167
22,49399,0.005604969337582588
22,49449,0.08650166541337967
22,49499,0.2288184016942978
22,49549,0.21998834609985352
22,49599,0.048205289989709854
22,49649,0.025315415114164352
23,49699,0.007128906436264515
23,49749,0.02529124543070793
23,49799,0.05231035500764847
23,49849,0.07918433845043182
23,49899,0.13251182436943054
23,49949,0.12270680069923401
23,49999,0.013879395090043545
23,50049,0.17360052466392517
23,50099,0.1411440074443817
23,50149,0.04906843230128288
23,50199,0.01427189540117979
23,50249,0.04172590747475624
23,50299,0.06215928867459297
23,50349,0.024604491889476776
23,50399,0.05030044913291931
23,50449,0.17668771743774414
23,50499,0.04922107234597206
23,50549,0.03179848566651344
23,50599,0.001889849198050797
23,50649,0.03503863513469696
23,50699,0.012192033231258392
23,50749,0.10183548182249069
23,50799,0.16891734302043915
23,50849,0.07217734307050705
23,50899,0.03967767581343651
23,50949,0.21406936645507812
23,50999,0.10121527314186096
23,51049,0.43199867010116577
23,51099,0.013734700158238411
23,51149,0.001467287540435791
23,51199,0.012266273610293865
23,51249,0.013086418621242046
23,51299,0.017415033653378487
23,51349,0.0198961328715086
23,51399,0.15167926251888275
23,51449,0.3972216546535492
23,51499,0.005924984812736511
23,51549,0.17364710569381714
23,51599,0.0033623664639890194
23,51649,0.011207845993340015
23,51699,0.02641594409942627
23,51749,0.16685263812541962
23,51799,0.05948108434677124
24,51849,0.019189678132534027
24,51899,0.3099963665008545
24,51949,0.019528569653630257
24,51999,0.12054026871919632
24,52049,0.2503538131713867
24,52099,0.07934408634901047
24,52149,0.005975057836622
24,52199,0.0399663969874382
24,52249,0.14305631816387177
24,52299,0.03930196166038513
24,52349,0.019418546929955482
24,52399,0.13934552669525146
24,52449,0.22384880483150482
24,52499,0.008315582759678364
24,52549,0.04103871062397957
24,52599,0.029352890327572823
24,52649,0.1457148939371109
24,52699,0.24875915050506592
24,52749,0.5176477432250977
24,52799,0.023454755544662476
24,52849,0.003450856078416109
24,52899,0.0014926046133041382
24,52949,0.19972068071365356
24,52999,0.08546251058578491
24,53049,0.982941746711731
24,53099,0.32992246747016907
24,53149,0.028646741062402725
24,53199,0.017014749348163605
24,53249,0.0016637915978208184
24,53299,0.0200094822794199
24,53349,0.015180371701717377
24,53399,0.05953878164291382
24,53449,0.0034281716216355562
24,53499,0.29202914237976074
24,53549,0.001966913230717182
24,53599,0.03662891685962677
24,53649,0.010554545558989048
24,53699,0.34476810693740845
24,53749,0.0044532460160553455
24,53799,0.056366853415966034
24,53849,0.28470125794410706
24,53899,0.0072865113615989685
24,53949,0.03000578097999096
24,53999,0.0197631623595953
25,54049,0.009506679140031338
25,54099,0.010701918043196201
25,54149,0.007912872359156609
25,54199,0.1479099988937378
25,54249,0.011196678504347801
25,54299,0.06967763602733612
25,54349,0.0323784202337265
25,54399,0.13147808611392975
25,54449,0.0018094126135110855
25,54499,0.10833173990249634
25,54549,0.14518477022647858
25,54599,0.012750718742609024
25,54649,0.0035212768707424402
25,54699,0.03459138050675392
25,54749,0.03411668911576271
25,54799,0.0893276110291481
25,54849,0.044477857649326324
25,54899,0.025550242513418198
25,54949,0.21830224990844727
25,54999,0.008043418638408184
25,55049,0.06425859034061432
25,55099,0.10388370603322983
25,55149,0.0017970422049984336
25,55199,0.029377421364188194
25,55249,0.610404908657074
25,55299,0.24432139098644257
25,55349,0.025026971474289894
25,55399,0.32578936219215393
25,55449,0.011920754797756672
25,55499,0.038500383496284485
25,55549,0.005307094193994999
25,55599,0.012294769287109375
25,55649,0.010634259320795536
25,55699,0.06316230446100235
25,55749,0.07508472353219986
25,55799,0.022821275517344475
25,55849,0.04162286967039108
25,55899,0.019583702087402344
25,55949,0.09449668228626251
25,55999,0.034835416823625565
25,56049,0.005849960260093212
25,56099,0.0019449250539764762
25,56149,0.023878589272499084
26,56199,0.2197839766740799
26,56249,0.017603229731321335
26,56299,0.0011712395353242755
26,56349,0.09799126535654068
26,56399,0.008441316895186901
26,56449,0.02257397212088108
26,56499,0.026735611259937286
26,56549,0.00527235446497798
26,56599,0.023644346743822098
26,56649,0.14291603863239288
26,56699,0.010586991906166077
26,56749,0.010395839810371399
26,56799,0.010541320778429508
26,56849,0.19905729591846466
26,56899,0.05980318784713745
26,56949,0.17925773561000824
26,56999,0.06250999867916107
26,57049,0.025862105190753937
26,57099,0.0017907340079545975
26,57149,0.01566438004374504
26,57199,0.030376503244042397
26,57249,0.000500210328027606
26,57299,0.031389303505420685
26,57349,0.014592058956623077
26,57399,0.02664724923670292
26,57449,0.0011445221025496721
26,57499,0.023602576926350594
26,57549,0.022753501310944557
26,57599,0.1641383022069931
26,57649,0.5568652153015137
26,57699,0.02345971390604973
26,57749,0.040062032639980316
26,57799,0.1489040106534958
26,57849,0.35593536496162415
26,57899,0.17241951823234558
26,57949,0.00464625796303153
26,57999,0.13003210723400116
26,58049,0.013614446856081486
26,58099,0.024845751002430916
26,58149,0.10078195482492447
26,58199,0.006362118758261204
26,58249,0.005558083765208721
26,58299,0.039044152945280075
27,58349,0.045785363763570786
27,58399,0.003406402189284563
27,58449,0.01445833221077919
27,58499,0.005838117562234402
27,58549,0.05868600681424141
27,58599,0.09949037432670593
27,58649,0.01064304169267416
27,58699,0.10324263572692871
27,58749,0.001963992603123188
27,58799,0.011274004355072975
27,58849,0.01428264006972313
27,58899,0.01580238714814186
27,58949,0.18056632578372955
27,58999,0.4115956127643585
27,59049,0.0195515975356102
27,59099,0.1761699616909027
27,59149,0.016645412892103195
27,59199,0.00907154195010662
27,59249,0.2143624871969223
27,59299,0.0417451411485672
27,59349,0.009846746921539307
27,59399,0.014396201819181442
27,59449,0.012255548499524593
27,59499,0.0017032499890774488
27,59549,0.019368693232536316
27,59599,0.014342937618494034
27,59649,0.006409014109522104
27,59699,0.018570274114608765
27,59749,0.018723029643297195
27,59799,0.01256530825048685
27,59849,0.08864742517471313
27,59899,0.029541419818997383
27,59949,0.0044188229367136955
27,59999,0.13250643014907837
27,60049,0.0012776770163327456
27,60099,0.03457214683294296
27,60149,0.03380047529935837
27,60199,0.15809936821460724
27,60249,0.015818167477846146
27,60299,0.01478175725787878
27,60349,0.011067831888794899
27,60399,0.02597344107925892
27,60449,0.009655985981225967
28,60499,0.12224406003952026
28,60549,0.02327342890202999
28,60599,0.0102588115260005
28,60649,0.0788690447807312
28,60699,0.02034054510295391
28,60749,0.0015055903932079673
28,60799,0.006757759023457766
28,60849,0.022153526544570923
28,60899,0.0013710916973650455
28,60949,0.0010723168961703777
28,60999,0.0641171857714653
28,61049,0.01698463410139084
28,61099,0.002257517073303461
28,61149,0.009774839505553246
28,61199,0.009454894810914993
28,61249,0.01897287741303444
28,61299,0.04166186973452568
28,61349,0.2799149751663208
28,61399,0.0043344455771148205
28,61449,0.036771923303604126
28,61499,0.015013299882411957
28,61549,0.09339827299118042
28,61599,0.005770931486040354
28,61649,0.0020601667929440737
28,61699,0.008140124380588531
28,61749,0.024047045037150383
28,61799,0.005385788157582283
28,61849,0.007949605584144592
28,61899,0.09225721657276154
28,61949,0.004293339792639017
28,61999,0.001052820822224021
28,62049,0.014762752689421177
28,62099,0.013918266631662846
28,62149,0.035237252712249756
28,62199,0.021811114624142647
28,62249,0.0016905032098293304
28,62299,0.0897618979215622
28,62349,0.028846509754657745
28,62399,0.17173726856708527
28,62449,0.06798549741506577
28,62499,0.005415359046310186
28,62549,0.01983661577105522
28,62599,0.1992224007844925
29,62649,0.08062613010406494
29,62699,0.0032422237563878298
29,62749,0.011682017706334591
29,62799,0.01685929298400879
29,62849,0.3037886917591095
29,62899,0.006673671305179596
29,62949,0.32056066393852234
29,62999,0.055342454463243484
29,63049,0.2162751406431198
29,63099,0.0043832845985889435
29,63149,0.007745027542114258
29,63199,0.07889352738857269
29,63249,0.06126595288515091
29,63299,0.34618815779685974
29,63349,0.10174886137247086
29,63399,0.00769146578386426
29,63449,0.017554860562086105
29,63499,0.007606763858348131
29,63549,0.009411501698195934
29,63599,0.01905069313943386
29,63649,0.06426217406988144
29,63699,0.02906285971403122
29,63749,0.0647675096988678
29,63799,0.0502789132297039
29,63849,0.019225414842367172
29,63899,0.01741139590740204
29,63949,0.04532134532928467
29,63999,0.08139610290527344
29,64049,0.008393015712499619
29,64099,0.030132267624139786
29,64149,0.06435737013816833
29,64199,0.020889099687337875
29,64249,0.014795121736824512
29,64299,0.4609730839729309
29,64349,0.13726751506328583
29,64399,0.01350422203540802
29,64449,0.03644131124019623
29,64499,0.01733345165848732
29,64549,0.005777205806225538
29,64599,0.0413307249546051
29,64649,0.32104212045669556
29,64699,0.007290694862604141
29,64749,0.06198415160179138
29,64799,0.0002345351385883987
30,64849,0.3397531807422638
30,64899,0.029454531148076057
30,64949,0.11299304664134979
30,64999,0.0012633668957278132
30,65049,0.03466517850756645
30,65099,0.019848207011818886
30,65149,0.04858381673693657
30,65199,0.004924464039504528
30,65249,0.0031331630889326334
30,65299,0.10397215932607651
30,65349,0.005444345064461231
30,65399,0.028882348909974098
30,65449,0.11148080974817276
30,65499,0.11317609995603561
30,65549,0.06501634418964386
30,65599,0.29474714398384094
30,65649,0.02889730967581272
30,65699,0.0002931384660769254
30,65749,0.018971934914588928
30,65799,0.029164286330342293
30,65849,0.010970665141940117
30,65899,0.0068573178723454475
30,65949,0.011037853546440601
30,65999,0.016794707626104355
30,66049,0.08800923824310303
30,66099,0.003908883780241013
30,66149,0.11634709686040878
30,66199,0.002500157570466399
30,66249,0.011715253815054893
30,66299,0.17719127237796783
30,66349,0.11506205052137375
30,66399,0.012165461666882038
30,66449,0.26691529154777527
30,66499,0.0957363024353981
30,66549,0.11034601926803589
30,66599,0.03826015815138817
30,66649,0.19004780054092407
30,66699,0.013909556902945042
30,66749,0.03687945753335953
30,66799,0.00023930361203383654
30,66849,0.050054047256708145
30,66899,0.016036292538046837
30,66949,0.026439767330884933
31,66999,0.006068134214729071
31,67049,0.01702982932329178
31,67099,0.012907003052532673
31,67149,0.0037816804833710194
31,67199,0.006644305773079395
31,67249,0.23344764113426208
31,67299,0.07316931337118149
31,67349,0.012260629795491695
31,67399,0.0006229691207408905
31,67449,0.18506376445293427
31,67499,0.09588635712862015
31,67549,0.00254831719212234
31,67599,0.07497765868902206
31,67649,0.05853399634361267
31,67699,0.02639215625822544
31,67749,0.0065920474007725716
31,67799,0.005511941853910685
31,67849,0.022640347480773926
31,67899,0.5687824487686157
31,67949,0.0514381118118763
31,67999,0.5675017237663269
31,68049,0.012398853898048401
31,68099,0.3238372504711151
31,68149,0.067866250872612
31,68199,0.04084032028913498
31,68249,0.012673186138272285
31,68299,0.007605982478708029
31,68349,0.18277396261692047
31,68399,0.02112843096256256
31,68449,0.01994366943836212
31,68499,0.05776233226060867
31,68549,0.10926035046577454
31,68599,0.045479826629161835
31,68649,0.2387388050556183
31,68699,0.003869209438562393
31,68749,0.014289859682321548
31,68799,0.3167046010494232
31,68849,0.06015922501683235
31,68899,0.0022879617754369974
31,68949,0.01404595747590065
31,68999,0.12273676693439484
31,69049,0.05050664767622948
31,69099,0.007512621581554413
32,69149,0.05917312949895859
32,69199,0.008217192254960537
32,69249,0.027376875281333923
32,69299,0.05830763280391693
32,69349,0.005653992760926485
32,69399,0.10617216676473618
32,69449,0.027372146025300026
32,69499,0.028827546164393425
32,69549,0.0541021004319191
32,69599,0.018838461488485336
32,69649,0.02280528098344803
32,69699,0.04216249659657478
32,69749,0.00519667100161314
32,69799,0.013435853645205498
32,69849,0.009164486080408096
32,69899,0.013497128151357174
32,69949,0.15571671724319458
32,69999,0.009174016304314137
32,70049,0.024871617555618286
32,70099,0.008419729769229889
32,70149,0.01317660789936781
32,70199,0.01644795760512352
32,70249,0.18327641487121582
32,70299,0.045007504522800446
32,70349,0.07397777587175369
32,70399,0.014657542109489441
32,70449,0.01214180514216423
32,70499,0.031296733766794205
32,70549,0.03809612989425659
32,70599,0.01663791760802269
32,70649,0.14455491304397583
32,70699,0.04929670691490173
32,70749,0.0016342881135642529
32,70799,0.359335333108902
32,70849,0.14625413715839386
32,70899,0.011610258370637894
32,70949,0.03609126806259155
32,70999,0.010202152654528618
32,71049,0.011188195087015629
32,71099,0.003950030077248812
32,71149,0.006155676208436489
32,71199,0.0163441002368927
32,71249,0.1554509997367859
33,71299,0.015974603593349457
33,71349,0.02441355586051941
33,71399,0.19498801231384277
33,71449,0.003685114672407508
33,71499,0.020575350150465965
33,71549,0.0930464044213295
33,71599,0.008619589731097221
33,71649,0.016204606741666794
33,71699,0.0007554932963103056
33,71749,0.006761125288903713
33,71799,0.0037025772035121918
33,71849,0.010024777613580227
33,71899,0.011080875992774963
33,71949,0.19932687282562256
33,71999,0.001318914582952857
33,72049,0.0036079720593988895
33,72099,0.30950844287872314
33,72149,0.028487088158726692
33,72199,0.043991606682538986
33,72249,0.10941115021705627
33,72299,0.05133575573563576
33,72349,0.020191211253404617
33,72399,0.014052112586796284
33,72449,0.007915429770946503
33,72499,0.006224752403795719
33,72549,0.005338713526725769
33,72599,0.007925176061689854
33,72649,0.2616557478904724
33,72699,0.01342870481312275
33,72749,0.04333759844303131
33,72799,0.1341944932937622
33,72849,0.36760053038597107
33,72899,0.07152986526489258
33,72949,0.07847968488931656
33,72999,0.02844345197081566
33,73049,0.004652716685086489
33,73099,0.037298254668712616
33,73149,0.11516102403402328
33,73199,0.14050523936748505
33,73249,0.042858220636844635
33,73299,0.029625043272972107
33,73349,0.01273048110306263
33,73399,0.023958832025527954
34,73449,0.2394421100616455
34,73499,0.00418927613645792
34,73549,0.011166289448738098
34,73599,0.01288946159183979
34,73649,0.006868171505630016
34,73699,0.027859602123498917
34,73749,0.08643405884504318
34,73799,0.07622900605201721
34,73849,0.00893871858716011
34,73899,0.00943803321570158
34,73949,0.005773233715444803
34,73999,0.022847658023238182
34,74049,0.002711772918701172
34,74099,0.04462406784296036
34,74149,0.005961953196674585
34,74199,0.01796354353427887
34,74249,0.0322728306055069
34,74299,0.027330750599503517
34,74349,0.008258518762886524
34,74399,0.010972767136991024
34,74449,0.12565556168556213
34,74499,0.017346572130918503
34,74549,0.02388196997344494
34,74599,0.08178767561912537
34,74649,0.002461361698806286
34,74699,0.022346511483192444
34,74749,0.009002252481877804
34,74799,0.21930982172489166
34,74849,0.041131604462862015
34,74899,0.0034523385111242533
34,74949,0.001167253009043634
34,74999,0.032288867980241776
34,75049,0.00503913126885891
34,75099,0.01523643173277378
34,75149,0.006204148288816214
34,75199,0.006166504230350256
34,75249,0.014383476227521896
34,75299,0.16219976544380188
34,75349,0.0011486103758215904
34,75399,0.19826306402683258
34,75449,0.02843375876545906
34,75499,0.033717893064022064
34,75549,0.04699049890041351
34,75599,0.009285359643399715
35,75649,0.007598967757076025
35,75699,0.0031021288596093655
35,75749,0.22057199478149414
35,75799,0.007242301013320684
35,75849,0.0007074822206050158
35,75899,0.02090536430478096
35,75949,0.04662899672985077
35,75999,0.06247890368103981
35,76049,0.15799739956855774
35,76099,0.00583862466737628
35,76149,0.024004735052585602
35,76199,0.12231478840112686
35,76249,0.009303449653089046
35,76299,0.002871893346309662
35,76349,0.014441581442952156
35,76399,0.06832578033208847
35,76449,0.0444408655166626
35,76499,0.0017770647536963224
35,76549,0.05285511910915375
35,76599,0.011314436793327332
35,76649,0.0075019001960754395
35,76699,0.011614366434514523
35,76749,0.04152224585413933
35,76799,0.0012049374636262655
35,76849,0.002783695235848427
35,76899,0.048714276403188705
35,76949,0.05963476002216339
35,76999,0.005975867621600628
35,77049,0.041830115020275116
35,77099,0.019455883651971817
35,77149,0.01310727559030056
35,77199,0.0020351973362267017
35,77249,0.014611381106078625
35,77299,0.043015751987695694
35,77349,0.014304500073194504
35,77399,0.003300580196082592
35,77449,0.3178020715713501
35,77499,0.031207585707306862
35,77549,0.014856510795652866
35,77599,0.04304087534546852
35,77649,0.14529787003993988
35,77699,0.03017190471291542
35,77749,0.0030993528198450804
36,77799,0.02974299155175686
36,77849,0.0005812061135657132
36,77899,0.0044671520590782166
36,77949,0.08549024164676666
36,77999,0.00641656992956996
36,78049,0.034741029143333435
36,78099,0.009827847592532635
36,78149,0.039276331663131714
36,78199,0.0012302575632929802
36,78249,0.04023066535592079
36,78299,0.005968607030808926
36,78349,0.013322277925908566
36,78399,0.06626393646001816
36,78449,0.011806393973529339
36,78499,0.13389259576797485
36,78549,0.023662151768803596
36,78599,0.003561608726158738
36,78649,0.01594829186797142
36,78699,0.06004222109913826
36,78749,0.007477547973394394
36,78799,0.04593988507986069
36,78849,0.009710978716611862
36,78899,0.2662070393562317
36,78949,0.01443501841276884
36,78999,0.29868969321250916
36,79049,0.0049455114640295506
36,79099,0.041446637362241745
36,79149,0.0011502797715365887
36,79199,0.02345915324985981
36,79249,0.007112028542906046
36,79299,0.0031323707662522793
36,79349,0.03552984073758125
36,79399,0.0004965984262526035
36,79449,0.25548073649406433
36,79499,0.0415278784930706
36,79549,0.038223747164011
36,79599,0.01959759183228016
36,79649,0.01987745799124241
36,79699,0.0011304174549877644
36,79749,0.013879206031560898
36,79799,0.009855050593614578
36,79849,0.004543743561953306
36,79899,0.11886604130268097
37,79949,0.26365774869918823
37,79999,0.05222845822572708
37,80049,0.0035079875960946083
37,80099,0.031885892152786255
37,80149,0.3451365530490875
37,80199,0.010335568338632584
37,80249,0.12060420215129852
37,80299,0.006272412836551666
37,80349,0.0009027285850606859
37,80399,0.0006110481917858124
37,80449,0.013526738621294498
37,80499,0.013358809985220432
37,80549,0.015362167730927467
37,80599,0.011185948736965656
37,80649,0.008606662973761559
37,80699,0.08105835318565369
37,80749,0.006053237710148096
37,80799,0.0466252900660038
37,80849,0.01736104115843773
37,80899,0.1286197304725647
37,80949,0.009228287264704704
37,80999,0.006366724148392677
37,81049,0.03538593277335167
37,81099,0.026281891390681267
37,81149,0.0037358892150223255
37,81199,0.004646972753107548
37,81249,0.09323785454034805
37,81299,0.08386453986167908
37,81349,0.006560564041137695
37,81399,0.35541048645973206
37,81449,0.020474009215831757
37,81499,0.004215494729578495
37,81549,0.01846112310886383
37,81599,0.3987506330013275
37,81649,0.01902957633137703
37,81699,0.0034199075307697058
37,81749,0.0008776901522651315
37,81799,0.04741755127906799
37,81849,0.008882518857717514
37,81899,0.004820593632757664
37,81949,0.007414205931127071
37,81999,0.13122639060020447
37,82049,0.5983123183250427
38,82099,0.05094272643327713
38,82149,0.13202455639839172
38,82199,0.09477768838405609
38,82249,0.00505036162212491
38,82299,0.025990845635533333
38,82349,0.06800681352615356
38,82399,0.014751550741493702
38,82449,0.022267701104283333
38,82499,0.009474107064306736
38,82549,0.04809918627142906
38,82599,0.006015704479068518
38,82649,0.008321008644998074
38,82699,0.18660035729408264
38,82749,0.29010725021362305
38,82799,0.005389501340687275
38,82849,0.005908406339585781
38,82899,0.021772777661681175
38,82949,0.002598120365291834
38,82999,0.004137187264859676
38,83049,0.0023606366012245417
38,83099,0.051920488476753235
38,83149,0.274788498878479
38,83199,0.021015362814068794
38,83249,0.006317099090665579
38,83299,0.036514222621917725
38,83349,0.3018174469470978
38,83399,0.0027566724456846714
38,83449,0.10922380536794662
38,83499,0.01851765066385269
38,83549,0.00295011093840003
38,83599,0.016964927315711975
38,83649,0.09073308855295181
38,83699,0.0684870183467865
38,83749,0.003214113647118211
38,83799,0.04529893398284912
38,83849,0.007044839207082987
38,83899,0.02964356169104576
38,83949,0.006863820366561413
38,83999,0.034220609813928604
38,84049,0.025040559470653534
38,84099,0.02670583687722683
38,84149,0.34682753682136536
38,84199,0.015596159733831882
39,84249,0.24480004608631134
39,84299,0.0014553427463397384
39,84349,0.0031742160208523273
39,84399,0.03964328393340111
39,84449,0.012065730057656765
39,84499,0.004911262542009354
39,84549,0.14354339241981506
39,84599,0.005136421415954828
39,84649,0.022238530218601227
39,84699,0.02394319325685501
39,84749,0.009754683822393417
39,84799,0.1645074486732483
39,84849,0.009397948160767555
39,84899,0.17676661908626556
39,84949,0.008643947541713715
39,84999,0.013769031502306461
39,85049,0.01589321345090866
39,85099,0.012549204751849174
39,85149,0.01456264778971672
39,85199,0.014303182251751423
39,85249,0.004106359556317329
39,85299,0.10777637362480164
39,85349,0.12605205178260803
39,85399,0.02021767944097519
39,85449,0.0024060853756964207
39,85499,0.016146628186106682
39,85549,0.16013377904891968
39,85599,0.2530422508716583
39,85649,0.044064946472644806
39,85699,0.015353824011981487
39,85749,0.24003364145755768
39,85799,0.018784038722515106
39,85849,0.15147291123867035
39,85899,0.010922755114734173
39,85949,0.014204006642103195
39,85999,0.05435805022716522
39,86049,0.04148706793785095
39,86099,0.10971999913454056
39,86149,0.01866462640464306
39,86199,0.05359315127134323
39,86249,0.018181726336479187
39,86299,0.04672074690461159
39,86349,0.10686545073986053
39,86399,2.0981266498565674
40,86449,0.04866654798388481
40,86499,0.03694714233279228
40,86549,0.3770662248134613
40,86599,0.022452928125858307
40,86649,0.004294219426810741
40,86699,0.18856121599674225
40,86749,0.035255029797554016
40,86799,0.004639296792447567
40,86849,0.0048646386712789536
40,86899,0.03352189436554909
40,86949,0.03804098814725876
40,86999,0.0020754653960466385
40,87049,0.013112945482134819
40,87099,0.0790553018450737
40,87149,0.002972738817334175
40,87199,0.00130166532471776
40,87249,0.003674150677397847
40,87299,0.024348175153136253
40,87349,0.008708368986845016
40,87399,0.15296350419521332
40,87449,0.012176405638456345
40,87499,0.0012567539233714342
40,87549,0.0029101569671183825
40,87599,0.12438760697841644
40,87649,0.003593123285099864
40,87699,0.0016053352737799287
40,87749,0.007309858221560717
40,87799,0.0010552549501881003
40,87849,0.020341595634818077
40,87899,0.01862753927707672
40,87949,0.0034497459419071674
40,87999,0.1847115010023117
40,88049,0.032404109835624695
40,88099,0.0074080792255699635
40,88149,0.0018881113501265645
40,88199,0.0634920746088028
40,88249,0.011809488758444786
40,88299,0.015894383192062378
40,88349,0.015718182548880577
40,88399,0.07735804468393326
40,88449,0.004832408856600523
40,88499,0.36160022020339966
40,88549,0.004324333742260933
41,88599,0.04298128932714462
41,88649,0.0557376965880394
41,88699,0.01320593897253275
41,88749,0.5898494720458984
41,88799,0.10565587878227234
41,88849,0.00579100614413619
41,88899,0.012331646867096424
41,88949,0.0015319347148761153
41,88999,0.012417006306350231
41,89049,0.06952598690986633
41,89099,0.011510292068123817
41,89149,0.017266999930143356
41,89199,0.0041399733163416386
41,89249,0.003022757126018405
41,89299,0.0016041221097111702
41,89349,0.0004864941001869738
41,89399,0.004169887397438288
41,89449,0.013476812280714512
41,89499,0.05588399991393089
41,89549,0.01004481315612793
41,89599,0.004383315797895193
41,89649,0.012444276362657547
41,89699,0.04714908078312874
41,89749,0.004432729445397854
41,89799,0.00346641568467021
41,89849,0.008282702416181564
41,89899,0.003856468480080366
41,89949,0.007097429130226374
41,89999,0.2617271840572357
41,90049,0.0012306820135563612
41,90099,0.00145350256934762
41,90149,0.021676383912563324
41,90199,0.006432746537029743
41,90249,0.013673132285475731
41,90299,0.03560292720794678
41,90349,0.02784513309597969
41,90399,0.07777862250804901
41,90449,0.003769621020182967
41,90499,0.015679074451327324
41,90549,0.051771193742752075
41,90599,0.01111870352178812
41,90649,0.02108602784574032
41,90699,0.007590224966406822
42,90749,0.08447208255529404
42,90799,0.054532911628484726
42,90849,0.019327208399772644
42,90899,0.02326170913875103
42,90949,0.033059779554605484
42,90999,0.002352996962144971
42,91049,0.17563554644584656
42,91099,0.013917873613536358
42,91149,0.01172991469502449
42,91199,0.0648750364780426
42,91249,0.03641176223754883
42,91299,0.01947294920682907
42,91349,0.02129809372127056
42,91399,0.0017371488502249122
42,91449,0.061656638979911804
42,91499,0.15642833709716797
42,91549,0.00729980506002903
42,91599,0.019784733653068542
42,91649,0.2375713735818863
42,91699,0.026998423039913177
42,91749,0.03650949150323868
42,91799,0.03355841338634491
42,91849,0.022757401689887047
42,91899,0.24178147315979004
42,91949,0.002103649778291583
42,91999,0.014722802676260471
42,92049,0.006938610225915909
42,92099,0.017459457740187645
42,92149,0.012580846436321735
42,92199,0.007880125194787979
42,92249,0.128850057721138
42,92299,0.12626208364963531
42,92349,0.1457502543926239
42,92399,0.0013634883798658848
42,92449,0.08946622908115387
42,92499,0.004363661166280508
42,92549,0.007271856069564819
42,92599,0.1102767288684845
42,92649,0.006338365375995636
42,92699,0.1707630157470703
42,92749,0.005697263870388269
42,92799,0.012977182865142822
42,92849,0.2495383769273758
43,92899,0.031588345766067505
43,92949,0.0089032594114542
43,92999,0.12279211729764938
43,93049,0.0036645871587097645
43,93099,0.02467246912419796
43,93149,0.1177598312497139
43,93199,0.007448789197951555
43,93249,0.20391745865345
43,93299,0.013667915016412735
43,93349,0.002721162512898445
43,93399,0.01660875417292118
43,93449,0.007039161864668131
43,93499,0.0014401118969544768
43,93549,0.6529780626296997
43,93599,0.3472055196762085
43,93649,0.08053357899188995
43,93699,0.015580667182803154
43,93749,0.11471536755561829
43,93799,0.027137767523527145
43,93849,0.005762705113738775
43,93899,0.25595614314079285
43,93949,0.04483902081847191
43,93999,0.07325772941112518
43,94049,0.019024182111024857
43,94099,0.005903134122490883
43,94149,0.11531124264001846
43,94199,0.06043518707156181
43,94249,0.0775841623544693
43,94299,0.005208704620599747
43,94349,0.04267209395766258
43,94399,0.08650816231966019
43,94449,0.041348278522491455
43,94499,0.009114116430282593
43,94549,0.00804673507809639
43,94599,0.16334092617034912
43,94649,0.008116435259580612
43,94699,0.009173570200800896
43,94749,0.00618426688015461
43,94799,0.01660454273223877
43,94849,0.08922787010669708
43,94899,0.002590583637356758
43,94949,0.026806194335222244
43,94999,0.032725825905799866
44,95049,0.008718343451619148
44,95099,0.076190285384655
44,95149,0.003697032341733575
44,95199,0.029555782675743103
44,95249,0.01683237962424755
44,95299,0.0448593869805336
44,95349,0.14414234459400177
44,95399,0.000907246780116111
44,95449,0.001970296259969473
44,95499,0.09630686789751053
44,95549,0.013956375420093536
44,95599,0.11381960660219193
44,95649,0.20969021320343018
44,95699,0.10132866352796555
44,95749,0.006329409312456846
44,95799,0.31939926743507385
44,95849,0.04142365977168083
44,95899,0.002309689298272133
44,95949,0.013059336692094803
44,95999,0.015260339714586735
44,96049,0.01556254643946886
44,96099,0.0021687347907572985
44,96149,0.004100808408111334
44,96199,0.14208444952964783
44,96249,0.03107774630188942
44,96299,0.4220046401023865
44,96349,0.005211309529840946
44,96399,0.006686394568532705
44,96449,0.0037988247349858284
44,96499,0.007884588092565536
44,96549,0.038071002811193466
44,96599,0.0011662369361147285
44,96649,0.12250841408967972
44,96699,0.00027369902818463743
44,96749,0.026926029473543167
44,96799,0.004689447116106749
44,96849,0.0036143469624221325
44,96899,0.11232730001211166
44,96949,0.00785017665475607
44,96999,0.005283229518681765
44,97049,0.0036282718647271395
44,97099,0.008253439329564571
44,97149,0.03801296278834343
44,97199,0.004884644411504269
45,97249,0.002928180154412985
45,97299,0.37203821539878845
45,97349,0.005824372172355652
45,97399,0.1694032996892929
45,97449,0.01352571602910757
45,97499,0.05481436476111412
45,97549,0.011671522632241249
45,97599,0.17196394503116608
45,97649,0.011800223030149937
45,97699,0.25887688994407654
45,97749,0.01006009615957737
45,97799,0.01619567908346653
45,97849,0.007294187322258949
45,97899,0.008910132572054863
45,97949,0.09450796991586685
45,97999,0.025393333286046982
45,98049,0.08694031089544296
45,98099,0.006115182302892208
45,98149,0.01939769834280014
45,98199,0.07854507863521576
45,98249,0.0575781911611557
45,98299,0.14034590125083923
45,98349,0.01025698147714138
45,98399,0.007555471733212471
45,98449,0.011972175911068916
45,98499,0.004487244877964258
45,98549,0.0017579908017069101
45,98599,0.07553723454475403
45,98649,0.002620214596390724
45,98699,0.06945305317640305
45,98749,0.03394400328397751
45,98799,0.18715797364711761
45,98849,0.07352913171052933
45,98899,0.15955130755901337
45,98949,0.024644775316119194
45,98999,0.006944853812456131
45,99049,0.017076529562473297
45,99099,0.30198240280151367
45,99149,0.02448267675936222
45,99199,0.00014196377014741302
45,99249,0.0033192408736795187
45,99299,0.06203208863735199
45,99349,0.24604538083076477
46,99399,0.0014942113775759935
46,99449,0.0037918156012892723
46,99499,0.003683215007185936
46,99549,0.1764124035835266
46,99599,0.0044659641571342945
46,99649,0.0006661544903181493
46,99699,0.004064034670591354
46,99749,0.0031000436283648014
46,99799,0.09677702933549881
46,99849,0.0027080124709755182
46,99899,0.07553847134113312
46,99949,0.008919848129153252
46,99999,0.00026669001090340316
46,100049,0.010519012808799744
46,100099,0.015975644811987877
46,100149,0.02700190618634224
46,100199,0.00627292413264513
46,100249,0.08090493083000183
46,100299,0.2190375030040741
46,100349,0.045395299792289734
46,100399,0.0276861060410738
46,100449,0.014567856676876545
46,100499,0.03573177009820938
46,100549,0.003363874740898609
46,100599,0.012430747970938683
46,100649,0.06499525159597397
46,100699,0.012269477359950542
46,100749,0.09034235775470734
46,100799,0.003835843876004219
46,100849,0.047869086265563965
46,100899,0.030103597790002823
46,100949,0.00042381748789921403
46,100999,0.015457654371857643
46,101049,0.076547771692276
46,101099,0.004237714223563671
46,101149,0.015174774453043938
46,101199,0.003740493906661868
46,101249,0.09423571079969406
46,101299,0.009896869771182537
46,101349,0.010309225879609585
46,101399,0.2972569167613983
46,101449,0.0030595872085541487
46,101499,0.02119126170873642
47,101549,0.0030903704464435577
47,101599,0.1369553655385971
47,101649,0.053679414093494415
47,101699,0.05289601534605026
47,101749,0.056403785943984985
47,101799,0.01961120218038559
47,101849,0.028174791485071182
47,101899,0.03268571197986603
47,101949,0.0024739541113376617
47,101999,0.022154901176691055
47,102049,0.010009784251451492
47,102099,0.0026952014304697514
47,102149,0.01600917987525463
47,102199,0.030425535514950752
47,102249,0.01560361497104168
47,102299,0.01336327102035284
47,102349,0.01793215051293373
47,102399,0.004852896090596914
47,102449,0.015173587948083878
47,102499,0.0029435132164508104
47,102549,0.1358543187379837
47,102599,0.0173385888338089
47,102649,0.016476336866617203
47,102699,0.0025186294224113226
47,102749,0.0030362321995198727
47,102799,0.3441385328769684
47,102849,0.20315401256084442
47,102899,0.0037194392643868923
47,102949,0.015381526201963425
47,102999,0.7401881814002991
47,103049,0.022372908890247345
47,103099,0.015951072797179222
47,103149,0.031381309032440186
47,103199,0.02218840830028057
47,103249,0.47193169593811035
47,103299,0.002909485250711441
47,103349,0.02054150030016899
47,103399,0.004307906609028578
47,103449,0.0008016857318580151
47,103499,0.001260975026525557
47,103549,0.005753649398684502
47,103599,0.7207708954811096
47,103649,0.004565690644085407
48,103699,0.002104767831042409
48,103749,0.0016766346525400877
48,103799,0.00442646536976099
48,103849,0.0031115063466131687
48,103899,0.016596367582678795
48,103949,0.011825368739664555
48,103999,0.18754057586193085
48,104049,0.1306149661540985
48,104099,0.0669984444975853
48,104149,0.019681483507156372
48,104199,0.0221856702119112
48,104249,0.016270779073238373
48,104299,0.10485167056322098
48,104349,0.027616064995527267
48,104399,0.00402583833783865
48,104449,0.193226158618927
48,104499,0.0023502798285335302
48,104549,0.04613754525780678
48,104599,0.00651948805898428
48,104649,0.06843313574790955
48,104699,0.0016795673873275518
48,104749,0.02043233998119831
48,104799,0.0035705692134797573
48,104849,0.18252195417881012
48,104899,0.04110931605100632
48,104949,0.0011096552480012178
48,104999,0.011920226737856865
48,105049,0.011162676848471165
48,105099,0.006168772000819445
48,105149,0.04443276673555374
48,105199,0.1485496312379837
48,105249,0.0037564081139862537
48,105299,0.15179936587810516
48,105349,0.0022679422982037067
48,105399,0.011129530146718025
48,105449,0.046594779938459396
48,105499,0.0010556065244600177
48,105549,0.013642997480928898
48,105599,0.04080428555607796
48,105649,0.038893505930900574
48,105699,0.02419252134859562
48,105749,0.0006267110584303737
48,105799,0.030393758788704872
49,105849,0.26539894938468933
49,105899,0.06531238555908203
49,105949,0.22716844081878662
49,105999,0.0006020448054187
49,106049,0.0009936968563124537
49,106099,0.009017633274197578
49,106149,0.0017444154946133494
49,106199,0.01884489692747593
49,106249,0.009909502230584621
49,106299,0.016567062586545944
49,106349,0.0749637559056282
49,106399,0.01995287463068962
49,106449,0.05339198186993599
49,106499,0.05686226487159729
49,106549,0.0017091435147449374
49,106599,0.04067816585302353
49,106649,0.5463814735412598
49,106699,0.13665606081485748
49,106749,0.019785357639193535
49,106799,0.006211953237652779
49,106849,0.1208920106291771
49,106899,0.008751637302339077
49,106949,0.008976086974143982
49,106999,0.08361467719078064
49,107049,0.005942804738879204
49,107099,0.3443518877029419
49,107149,0.009804978035390377
49,107199,0.05465136468410492
49,107249,0.008193130604922771
49,107299,0.01644030585885048
49,107349,0.0008493821951560676
49,107399,0.009014138020575047
49,107449,0.25110453367233276
49,107499,0.05487825721502304
49,107549,0.013525362126529217
49,107599,0.0011455202475190163
49,107649,0.014703063294291496
49,107699,0.03503065183758736
49,107749,0.005868484266102314
49,107799,0.016268163919448853
49,107849,0.005179763305932283
49,107899,0.041752222925424576
49,107949,0.03610311076045036
49,107999,5.81077765673399e-05
